FULL_CU_IN,Area,Species,SMU,SMU Proper
CK-67,TRANS,Chinook,ALSEK CHINOOK SALMON,Alsek Chinook Salmon
CO-45,TRANS,Coho,ALSEK COHO SALMON,Alsek Coho Salmon
SEL-09-xx,FRASER,Sockeye,NO DESIGNATED SMU,No Designated Smu
SEL-06-01,FRASER,Sockeye,FRASER SOCKEYE SALMON - EARLY SUMMER,Fraser Sockeye Salmon - Early Summer
SEL-07-01,FRASER,Sockeye,FRASER SOCKEYE SALMON - EARLY SUMMER,Fraser Sockeye Salmon - Early Summer
CK-39,NORTH COAST,Chinook,CENTRAL COAST CHINOOK SALMON,Central Coast Chinook Salmon
CK-40,NORTH COAST,Chinook,CENTRAL COAST CHINOOK SALMON,Central Coast Chinook Salmon
CK-36,NORTH COAST,Chinook,CENTRAL COAST CHINOOK SALMON,Central Coast Chinook Salmon
CK-42,NORTH COAST,Chinook,CENTRAL COAST CHINOOK SALMON,Central Coast Chinook Salmon
CK-41,NORTH COAST,Chinook,CENTRAL COAST CHINOOK SALMON,Central Coast Chinook Salmon
CK-57,NORTH COAST,Chinook,CENTRAL COAST CHINOOK SALMON,Central Coast Chinook Salmon
CK-37,NORTH COAST,Chinook,CENTRAL COAST CHINOOK SALMON,Central Coast Chinook Salmon
CK-38,NORTH COAST,Chinook,CENTRAL COAST CHINOOK SALMON,Central Coast Chinook Salmon
CM-17,NORTH COAST,Chum,CENTRAL COAST CHUM SALMON,Central Coast Chum Salmon
CM-16,NORTH COAST,Chum,CENTRAL COAST CHUM SALMON,Central Coast Chum Salmon
CM-20,NORTH COAST,Chum,CENTRAL COAST CHUM SALMON,Central Coast Chum Salmon
CM-18,NORTH COAST,Chum,CENTRAL COAST CHUM SALMON,Central Coast Chum Salmon
CM-19,NORTH COAST,Chum,CENTRAL COAST CHUM SALMON,Central Coast Chum Salmon
CM-13,NORTH COAST,Chum,CENTRAL COAST CHUM SALMON,Central Coast Chum Salmon
CM-12,NORTH COAST,Chum,CENTRAL COAST CHUM SALMON,Central Coast Chum Salmon
CM-15,NORTH COAST,Chum,CENTRAL COAST CHUM SALMON,Central Coast Chum Salmon
CM-14,NORTH COAST,Chum,CENTRAL COAST CHUM SALMON,Central Coast Chum Salmon
CO-22,NORTH COAST,Coho,CENTRAL COAST COHO SALMON,Central Coast Coho Salmon
CO-28,NORTH COAST,Coho,CENTRAL COAST COHO SALMON,Central Coast Coho Salmon
CO-29,NORTH COAST,Coho,CENTRAL COAST COHO SALMON,Central Coast Coho Salmon
CO-27,NORTH COAST,Coho,CENTRAL COAST COHO SALMON,Central Coast Coho Salmon
CO-26,NORTH COAST,Coho,CENTRAL COAST COHO SALMON,Central Coast Coho Salmon
CO-30,NORTH COAST,Coho,CENTRAL COAST COHO SALMON,Central Coast Coho Salmon
CO-21,NORTH COAST,Coho,CENTRAL COAST COHO SALMON,Central Coast Coho Salmon
CO-20,NORTH COAST,Coho,CENTRAL COAST COHO SALMON,Central Coast Coho Salmon
SEL-06-02,FRASER,Sockeye,FRASER SOCKEYE SALMON - EARLY SUMMER,Fraser Sockeye Salmon - Early Summer
SEL-06-03,FRASER,Sockeye,FRASER SOCKEYE SALMON - SUMMER,Fraser Sockeye Salmon - Summer
SEL-03-01,FRASER,Sockeye,FRASER SOCKEYE SALMON - EARLY SUMMER,Fraser Sockeye Salmon - Early Summer
SEL-03-02,FRASER,Sockeye,FRASER SOCKEYE SALMON - LATE,Fraser Sockeye Salmon - Late
SEL-06-07,FRASER,Sockeye,FRASER SOCKEYE SALMON - SUMMER,Fraser Sockeye Salmon - Summer
SEL-03-03,FRASER,Sockeye,FRASER SOCKEYE SALMON - LATE,Fraser Sockeye Salmon - Late
SEL-03-04,FRASER,Sockeye,FRASER SOCKEYE SALMON - LATE,Fraser Sockeye Salmon - Late
SER-03,FRASER,Sockeye,FRASER SOCKEYE SALMON - SUMMER,Fraser Sockeye Salmon - Summer
SEL-10-01,FRASER,Sockeye,FRASER SOCKEYE SALMON - SUMMER,Fraser Sockeye Salmon - Summer
SEL-04-01,FRASER,Sockeye,FRASER SOCKEYE SALMON - LATE,Fraser Sockeye Salmon - Late
SEL-06-20,FRASER,Sockeye,FRASER SOCKEYE SALMON - EARLY SUMMER,Fraser Sockeye Salmon - Early Summer
SEL-05-02,FRASER,Sockeye,FRASER SOCKEYE SALMON - EARLY SUMMER,Fraser Sockeye Salmon - Early Summer
SEL-10-03,FRASER,Sockeye,FRASER SOCKEYE SALMON - EARLY SUMMER,Fraser Sockeye Salmon - Early Summer
SEL-03-05,FRASER,Sockeye,FRASER SOCKEYE SALMON - EARLY SUMMER,Fraser Sockeye Salmon - Early Summer
SEL-06-10,FRASER,Sockeye,FRASER SOCKEYE SALMON - SUMMER,Fraser Sockeye Salmon - Summer
SEL-06-11,FRASER,Sockeye,FRASER SOCKEYE SALMON - LATE,Fraser Sockeye Salmon - Late
SEL-09-03,FRASER,Sockeye,FRASER SOCKEYE SALMON - LATE,Fraser Sockeye Salmon - Late
SEL-09-02,FRASER,Sockeye,FRASER SOCKEYE SALMON - EARLY SUMMER,Fraser Sockeye Salmon - Early Summer
SEL-06-14,FRASER,Sockeye,FRASER SOCKEYE SALMON -EARLY STUART,Fraser Sockeye Salmon -Early Stuart
SEL-06-13,FRASER,Sockeye,FRASER SOCKEYE SALMON - SUMMER,Fraser Sockeye Salmon - Summer
SEL-06-16,FRASER,Sockeye,FRASER SOCKEYE SALMON - EARLY SUMMER,Fraser Sockeye Salmon - Early Summer
SER-02,FRASER,Sockeye,FRASER SOCKEYE SALMON - SUMMER,Fraser Sockeye Salmon - Summer
SEL-06-04,FRASER,Sockeye,FRASER SOCKEYE SALMON - EARLY SUMMER,Fraser Sockeye Salmon - Early Summer
SEL-06-04,FRASER,Sockeye,FRASER SOCKEYE SALMON - EARLY SUMMER,Fraser Sockeye Salmon - Early Summer
SEL-07-02,FRASER,Sockeye,FRASER SOCKEYE SALMON - EARLY SUMMER,Fraser Sockeye Salmon - Early Summer
SEL-01-01,FRASER,Sockeye,OKANAGAN SOCKEYE SALMON,Okanagan Sockeye Salmon
SEL-18-01,NORTH COAST,Sockeye,CENTRAL COAST SOCKEYE SALMON ,Central Coast Sockeye Salmon 
SEL-19-01,NORTH COAST,Sockeye,CENTRAL COAST SOCKEYE SALMON ,Central Coast Sockeye Salmon 
SEL-19-02,NORTH COAST,Sockeye,CENTRAL COAST SOCKEYE SALMON ,Central Coast Sockeye Salmon 
SEL-19-03,NORTH COAST,Sockeye,CENTRAL COAST SOCKEYE SALMON ,Central Coast Sockeye Salmon 
SEL-19-04,NORTH COAST,Sockeye,CENTRAL COAST SOCKEYE SALMON ,Central Coast Sockeye Salmon 
SEL-19-05,NORTH COAST,Sockeye,CENTRAL COAST SOCKEYE SALMON ,Central Coast Sockeye Salmon 
SEL-19-06,NORTH COAST,Sockeye,CENTRAL COAST SOCKEYE SALMON ,Central Coast Sockeye Salmon 
SEL-18-02,NORTH COAST,Sockeye,CENTRAL COAST SOCKEYE SALMON ,Central Coast Sockeye Salmon 
SEL-19-07,NORTH COAST,Sockeye,CENTRAL COAST SOCKEYE SALMON ,Central Coast Sockeye Salmon 
SEL-19-08,NORTH COAST,Sockeye,CENTRAL COAST SOCKEYE SALMON ,Central Coast Sockeye Salmon 
SEL-19-11,NORTH COAST,Sockeye,CENTRAL COAST SOCKEYE SALMON ,Central Coast Sockeye Salmon 
SEL-19-12,NORTH COAST,Sockeye,CENTRAL COAST SOCKEYE SALMON ,Central Coast Sockeye Salmon 
SEL-19-13,NORTH COAST,Sockeye,CENTRAL COAST SOCKEYE SALMON ,Central Coast Sockeye Salmon 
SEL-19-14,NORTH COAST,Sockeye,CENTRAL COAST SOCKEYE SALMON ,Central Coast Sockeye Salmon 
SEL-18-03,NORTH COAST,Sockeye,CENTRAL COAST SOCKEYE SALMON ,Central Coast Sockeye Salmon 
SEL-19-15,NORTH COAST,Sockeye,CENTRAL COAST SOCKEYE SALMON ,Central Coast Sockeye Salmon 
SEL-19-16,NORTH COAST,Sockeye,CENTRAL COAST SOCKEYE SALMON ,Central Coast Sockeye Salmon 
SEL-19-17,NORTH COAST,Sockeye,CENTRAL COAST SOCKEYE SALMON ,Central Coast Sockeye Salmon 
SEL-19-18,NORTH COAST,Sockeye,CENTRAL COAST SOCKEYE SALMON ,Central Coast Sockeye Salmon 
SEL-18-04,NORTH COAST,Sockeye,CENTRAL COAST SOCKEYE SALMON ,Central Coast Sockeye Salmon 
SEL-19-19,NORTH COAST,Sockeye,CENTRAL COAST SOCKEYE SALMON ,Central Coast Sockeye Salmon 
SEL-19-10,NORTH COAST,Sockeye,CENTRAL COAST SOCKEYE SALMON ,Central Coast Sockeye Salmon 
SEL-19-20,NORTH COAST,Sockeye,CENTRAL COAST SOCKEYE SALMON ,Central Coast Sockeye Salmon 
SEL-19-21,NORTH COAST,Sockeye,CENTRAL COAST SOCKEYE SALMON ,Central Coast Sockeye Salmon 
SEL-19-22,NORTH COAST,Sockeye,CENTRAL COAST SOCKEYE SALMON ,Central Coast Sockeye Salmon 
SEL-19-23,NORTH COAST,Sockeye,CENTRAL COAST SOCKEYE SALMON ,Central Coast Sockeye Salmon 
SEL-19-24,NORTH COAST,Sockeye,CENTRAL COAST SOCKEYE SALMON ,Central Coast Sockeye Salmon 
SEL-18-05,NORTH COAST,Sockeye,CENTRAL COAST SOCKEYE SALMON ,Central Coast Sockeye Salmon 
SEL-19-25,NORTH COAST,Sockeye,CENTRAL COAST SOCKEYE SALMON ,Central Coast Sockeye Salmon 
SEL-19-26,NORTH COAST,Sockeye,CENTRAL COAST SOCKEYE SALMON ,Central Coast Sockeye Salmon 
SEL-19-27,NORTH COAST,Sockeye,CENTRAL COAST SOCKEYE SALMON ,Central Coast Sockeye Salmon 
SEL-19-28,NORTH COAST,Sockeye,CENTRAL COAST SOCKEYE SALMON ,Central Coast Sockeye Salmon 
SEL-19-29,NORTH COAST,Sockeye,CENTRAL COAST SOCKEYE SALMON ,Central Coast Sockeye Salmon 
SEL-19-30,NORTH COAST,Sockeye,CENTRAL COAST SOCKEYE SALMON ,Central Coast Sockeye Salmon 
SEL-19-31,NORTH COAST,Sockeye,CENTRAL COAST SOCKEYE SALMON ,Central Coast Sockeye Salmon 
SEL-18-06,NORTH COAST,Sockeye,CENTRAL COAST SOCKEYE SALMON ,Central Coast Sockeye Salmon 
SEL-19-32,NORTH COAST,Sockeye,CENTRAL COAST SOCKEYE SALMON ,Central Coast Sockeye Salmon 
SEL-18-07,NORTH COAST,Sockeye,CENTRAL COAST SOCKEYE SALMON ,Central Coast Sockeye Salmon 
SEL-18-08,NORTH COAST,Sockeye,CENTRAL COAST SOCKEYE SALMON ,Central Coast Sockeye Salmon 
SEL-19-33,NORTH COAST,Sockeye,CENTRAL COAST SOCKEYE SALMON ,Central Coast Sockeye Salmon 
SEL-19-34,NORTH COAST,Sockeye,CENTRAL COAST SOCKEYE SALMON ,Central Coast Sockeye Salmon 
SEL-19-35,NORTH COAST,Sockeye,CENTRAL COAST SOCKEYE SALMON ,Central Coast Sockeye Salmon 
SEL-19-36,NORTH COAST,Sockeye,CENTRAL COAST SOCKEYE SALMON ,Central Coast Sockeye Salmon 
SEL-19-37,NORTH COAST,Sockeye,CENTRAL COAST SOCKEYE SALMON ,Central Coast Sockeye Salmon 
SEL-19-38,NORTH COAST,Sockeye,CENTRAL COAST SOCKEYE SALMON ,Central Coast Sockeye Salmon 
SEL-19-39,NORTH COAST,Sockeye,CENTRAL COAST SOCKEYE SALMON ,Central Coast Sockeye Salmon 
SEL-19-40,NORTH COAST,Sockeye,CENTRAL COAST SOCKEYE SALMON ,Central Coast Sockeye Salmon 
SEL-19-41,NORTH COAST,Sockeye,CENTRAL COAST SOCKEYE SALMON ,Central Coast Sockeye Salmon 
SEL-19-42,NORTH COAST,Sockeye,CENTRAL COAST SOCKEYE SALMON ,Central Coast Sockeye Salmon 
SEL-19-43,NORTH COAST,Sockeye,CENTRAL COAST SOCKEYE SALMON ,Central Coast Sockeye Salmon 
SEL-19-44,NORTH COAST,Sockeye,CENTRAL COAST SOCKEYE SALMON ,Central Coast Sockeye Salmon 
SEL-19-45,NORTH COAST,Sockeye,CENTRAL COAST SOCKEYE SALMON ,Central Coast Sockeye Salmon 
SEL-18-09,NORTH COAST,Sockeye,CENTRAL COAST SOCKEYE SALMON ,Central Coast Sockeye Salmon 
SEL-19-46,NORTH COAST,Sockeye,CENTRAL COAST SOCKEYE SALMON ,Central Coast Sockeye Salmon 
SEL-19-47,NORTH COAST,Sockeye,CENTRAL COAST SOCKEYE SALMON ,Central Coast Sockeye Salmon 
PKE-1,SOUTH COAST,Even Year Pink,ECVI/MAINLAND PINK SALMON - EVEN,ECVI/Mainland Pink Salmon - Even
PKE-4,SOUTH COAST,Even Year Pink,ECVI/MAINLAND PINK SALMON - EVEN,ECVI/Mainland Pink Salmon - Even
PKO-4,SOUTH COAST,Odd Year Pink,ECVI/MAINLAND PINK SALMON - ODD,ECVI/Mainland Pink Salmon - Odd
PKO-5,SOUTH COAST,Odd Year Pink,ECVI/MAINLAND PINK SALMON - ODD,ECVI/Mainland Pink Salmon - Odd
PKO-7,SOUTH COAST,Odd Year Pink,ECVI/MAINLAND PINK SALMON - ODD,ECVI/Mainland Pink Salmon - Odd
PKO-3,SOUTH COAST,Odd Year Pink,ECVI/MAINLAND PINK SALMON - ODD,ECVI/Mainland Pink Salmon - Odd
SEL-19-48,NORTH COAST,Sockeye,CENTRAL COAST SOCKEYE SALMON ,Central Coast Sockeye Salmon 
SEL-19-49,NORTH COAST,Sockeye,CENTRAL COAST SOCKEYE SALMON ,Central Coast Sockeye Salmon 
SEL-19-50,NORTH COAST,Sockeye,CENTRAL COAST SOCKEYE SALMON ,Central Coast Sockeye Salmon 
SEL-19-51,NORTH COAST,Sockeye,CENTRAL COAST SOCKEYE SALMON ,Central Coast Sockeye Salmon 
SEL-19-52,NORTH COAST,Sockeye,CENTRAL COAST SOCKEYE SALMON ,Central Coast Sockeye Salmon 
SEL-19-53,NORTH COAST,Sockeye,CENTRAL COAST SOCKEYE SALMON ,Central Coast Sockeye Salmon 
SEL-19-54,NORTH COAST,Sockeye,CENTRAL COAST SOCKEYE SALMON ,Central Coast Sockeye Salmon 
SEL-19-55,NORTH COAST,Sockeye,CENTRAL COAST SOCKEYE SALMON ,Central Coast Sockeye Salmon 
SEL-19-56,NORTH COAST,Sockeye,CENTRAL COAST SOCKEYE SALMON ,Central Coast Sockeye Salmon 
SEL-19-71,NORTH COAST,Sockeye,CENTRAL COAST SOCKEYE SALMON ,Central Coast Sockeye Salmon 
SEL-19-57,NORTH COAST,Sockeye,CENTRAL COAST SOCKEYE SALMON ,Central Coast Sockeye Salmon 
SEL-19-58,NORTH COAST,Sockeye,CENTRAL COAST SOCKEYE SALMON ,Central Coast Sockeye Salmon 
SEL-19-59,NORTH COAST,Sockeye,CENTRAL COAST SOCKEYE SALMON ,Central Coast Sockeye Salmon 
SEL-19-60,NORTH COAST,Sockeye,CENTRAL COAST SOCKEYE SALMON ,Central Coast Sockeye Salmon 
SEL-19-61,NORTH COAST,Sockeye,CENTRAL COAST SOCKEYE SALMON ,Central Coast Sockeye Salmon 
SEL-19-62,NORTH COAST,Sockeye,CENTRAL COAST SOCKEYE SALMON ,Central Coast Sockeye Salmon 
SEL-19-63,NORTH COAST,Sockeye,CENTRAL COAST SOCKEYE SALMON ,Central Coast Sockeye Salmon 
SEL-19-64,NORTH COAST,Sockeye,CENTRAL COAST SOCKEYE SALMON ,Central Coast Sockeye Salmon 
SEL-19-09,NORTH COAST,Sockeye,CENTRAL COAST SOCKEYE SALMON ,Central Coast Sockeye Salmon 
SEL-19-65,NORTH COAST,Sockeye,CENTRAL COAST SOCKEYE SALMON ,Central Coast Sockeye Salmon 
SEL-19-66,NORTH COAST,Sockeye,CENTRAL COAST SOCKEYE SALMON ,Central Coast Sockeye Salmon 
SEL-19-67,NORTH COAST,Sockeye,CENTRAL COAST SOCKEYE SALMON ,Central Coast Sockeye Salmon 
SEL-19-68,NORTH COAST,Sockeye,CENTRAL COAST SOCKEYE SALMON ,Central Coast Sockeye Salmon 
SEL-18-11,NORTH COAST,Sockeye,CENTRAL COAST SOCKEYE SALMON ,Central Coast Sockeye Salmon 
SEL-19-69,NORTH COAST,Sockeye,CENTRAL COAST SOCKEYE SALMON ,Central Coast Sockeye Salmon 
SEL-19-70,NORTH COAST,Sockeye,CENTRAL COAST SOCKEYE SALMON ,Central Coast Sockeye Salmon 
SEL-17-01,NORTH COAST,Sockeye,HAIDA GWAII SOCKEYE SALMON,Haida Gwaii Sockeye Salmon
SEL-17-02,NORTH COAST,Sockeye,HAIDA GWAII SOCKEYE SALMON,Haida Gwaii Sockeye Salmon
SEL-17-03,NORTH COAST,Sockeye,HAIDA GWAII SOCKEYE SALMON,Haida Gwaii Sockeye Salmon
CO-5,FRASER,Coho,INTERIOR FRASER COHO SALMON,Interior Fraser Coho Salmon
CO-7,FRASER,Coho,INTERIOR FRASER COHO SALMON,Interior Fraser Coho Salmon
CO-48,FRASER,Coho,INTERIOR FRASER COHO SALMON,Interior Fraser Coho Salmon
CO-9,FRASER,Coho,INTERIOR FRASER COHO SALMON,Interior Fraser Coho Salmon
CO-8,FRASER,Coho,INTERIOR FRASER COHO SALMON,Interior Fraser Coho Salmon
SEL-17-04,NORTH COAST,Sockeye,HAIDA GWAII SOCKEYE SALMON,Haida Gwaii Sockeye Salmon
CO-4,FRASER,Coho,LOWER FRASER COHO SALMON,Lower Fraser Coho Salmon
SEL-17-05,NORTH COAST,Sockeye,HAIDA GWAII SOCKEYE SALMON,Haida Gwaii Sockeye Salmon
CK-3,FRASER,Chinook,FRASER FALL RUN 41 CHINOOK SALMON,Fraser Fall Run 41 Chinook Salmon
CK-7,FRASER,Chinook,FRASER SUMMER RUN 41 CHINOOK SALMON,Fraser Summer Run 41 Chinook Salmon
CK-4,FRASER,Chinook,FRASER SPRING RUN 52 CHINOOK SALMON,Fraser Spring Run 52 Chinook Salmon
CK-6,FRASER,Chinook,FRASER SUMMER RUN 52 CHINOOK SALMON,Fraser Summer Run 52 Chinook Salmon
CK-5,FRASER,Chinook,FRASER SPRING RUN 52 CHINOOK SALMON,Fraser Spring Run 52 Chinook Salmon
CO-47,FRASER,Coho,LOWER FRASER COHO SALMON,Lower Fraser Coho Salmon
CO-47,FRASER,Coho,LOWER FRASER COHO SALMON,Lower Fraser Coho Salmon
CK-17,FRASER,Chinook,FRASER SPRING RUN 42 CHINOOK SALMON,Fraser Spring Run 42 Chinook Salmon
CK-9,FRASER,Chinook,FRASER SUMMER RUN 52 CHINOOK SALMON,Fraser Summer Run 52 Chinook Salmon
CK-10,FRASER,Chinook,FRASER SPRING RUN 52 CHINOOK SALMON,Fraser Spring Run 52 Chinook Salmon
CK-8,FRASER,Chinook,FRASER SPRING RUN 52 CHINOOK SALMON,Fraser Spring Run 52 Chinook Salmon
CK-11,FRASER,Chinook,FRASER SUMMER RUN 52 CHINOOK SALMON,Fraser Summer Run 52 Chinook Salmon
SEL-17-10,NORTH COAST,Sockeye,HAIDA GWAII SOCKEYE SALMON,Haida Gwaii Sockeye Salmon
SEL-17-06,NORTH COAST,Sockeye,HAIDA GWAII SOCKEYE SALMON,Haida Gwaii Sockeye Salmon
SEL-17-07,NORTH COAST,Sockeye,HAIDA GWAII SOCKEYE SALMON,Haida Gwaii Sockeye Salmon
CK-18,FRASER,Chinook,FRASER SPRING RUN 52 CHINOOK SALMON,Fraser Spring Run 52 Chinook Salmon
CK-19,FRASER,Chinook,FRASER SUMMER RUN 52 CHINOOK SALMON,Fraser Summer Run 52 Chinook Salmon
CK-1,FRASER,Chinook,OKANAGAN CHINOOK SALMON,Okanagan Chinook Salmon
SEL-17-08,NORTH COAST,Sockeye,HAIDA GWAII SOCKEYE SALMON,Haida Gwaii Sockeye Salmon
SEL-17-09,NORTH COAST,Sockeye,HAIDA GWAII SOCKEYE SALMON,Haida Gwaii Sockeye Salmon
SEL-24-01,NORTH COAST,Sockeye,NASS SOCKEYE SALMON,Nass Sockeye Salmon
SEL-24-02,NORTH COAST,Sockeye,NASS SOCKEYE SALMON,Nass Sockeye Salmon
SEL-24-03,NORTH COAST,Sockeye,NASS SOCKEYE SALMON,Nass Sockeye Salmon
CK-15,FRASER,Chinook,FRASER SUMMER RUN 41 CHINOOK SALMON,Fraser Summer Run 41 Chinook Salmon
CK-13,FRASER,Chinook,FRASER SUMMER RUN 41 CHINOOK SALMON,Fraser Summer Run 41 Chinook Salmon
CK-14,FRASER,Chinook,FRASER SUMMER RUN 52 CHINOOK SALMON,Fraser Summer Run 52 Chinook Salmon
CK-16,FRASER,Chinook,FRASER SPRING RUN 42 CHINOOK SALMON,Fraser Spring Run 42 Chinook Salmon
CK-2,FRASER,Chinook,NO DESIGNATED SMU,No Designated Smu
SEL-24-04,NORTH COAST,Sockeye,NASS SOCKEYE SALMON,Nass Sockeye Salmon
CK-44,NORTH COAST,Chinook,HAIDA GWAII CHINOOK SALMON,Haida Gwaii Chinook Salmon
CK-43,NORTH COAST,Chinook,HAIDA GWAII CHINOOK SALMON,Haida Gwaii Chinook Salmon
CM-21,NORTH COAST,Chum,HAIDA GWAII CHUM SALMON,Haida Gwaii Chum Salmon
CM-24,NORTH COAST,Chum,HAIDA GWAII CHUM SALMON,Haida Gwaii Chum Salmon
CM-25,NORTH COAST,Chum,HAIDA GWAII CHUM SALMON,Haida Gwaii Chum Salmon
CM-22,NORTH COAST,Chum,HAIDA GWAII CHUM SALMON,Haida Gwaii Chum Salmon
CM-23,NORTH COAST,Chum,HAIDA GWAII CHUM SALMON,Haida Gwaii Chum Salmon
CO-23,NORTH COAST,Coho,HAIDA GWAII COHO SALMON,Haida Gwaii Coho Salmon
CO-25,NORTH COAST,Coho,HAIDA GWAII COHO SALMON,Haida Gwaii Coho Salmon
CO-24,NORTH COAST,Coho,HAIDA GWAII COHO SALMON,Haida Gwaii Coho Salmon
PKE-10,NORTH COAST,Even Year Pink,HAIDA GWAII PINK SALMON,Haida Gwaii Pink Salmon
PKE-9,NORTH COAST,Even Year Pink,HAIDA GWAII PINK SALMON,Haida Gwaii Pink Salmon
PKE-11,NORTH COAST,Even Year Pink,HAIDA GWAII PINK SALMON,Haida Gwaii Pink Salmon
PKO-9,NORTH COAST,Odd Year Pink,HAIDA GWAII PINK SALMON,Haida Gwaii Pink Salmon
PKO-10,NORTH COAST,Odd Year Pink,HAIDA GWAII PINK SALMON,Haida Gwaii Pink Salmon
PKO-11,NORTH COAST,Odd Year Pink,HAIDA GWAII PINK SALMON,Haida Gwaii Pink Salmon
SEL-24-05,NORTH COAST,Sockeye,NASS SOCKEYE SALMON,Nass Sockeye Salmon
SEL-24-06,NORTH COAST,Sockeye,NASS SOCKEYE SALMON,Nass Sockeye Salmon
SEL-21-03,NORTH COAST,Sockeye,NASS SOCKEYE SALMON,Nass Sockeye Salmon
SEL-15-01,NORTH COAST,Sockeye,RIVERS/SMITH SOCKEYE SALMON,Rivers/Smith Sockeye Salmon
SEL-15-02,NORTH COAST,Sockeye,RIVERS/SMITH SOCKEYE SALMON,Rivers/Smith Sockeye Salmon
SEL-15-03,NORTH COAST,Sockeye,RIVERS/SMITH SOCKEYE SALMON,Rivers/Smith Sockeye Salmon
SEL-16-01,NORTH COAST,Sockeye,RIVERS/SMITH SOCKEYE SALMON,Rivers/Smith Sockeye Salmon
SEL-15-04,NORTH COAST,Sockeye,RIVERS/SMITH SOCKEYE SALMON,Rivers/Smith Sockeye Salmon
SEL-23-01,NORTH COAST,Sockeye,SKEENA SOCKEYE SALMON,Skeena Sockeye Salmon
SEL-20-01,NORTH COAST,Sockeye,SKEENA SOCKEYE SALMON,Skeena Sockeye Salmon
CM-7,SOUTH COAST,Chum,INNER SOUTH COAST CHUM SALMON,Inner South Coast Chum Salmon
CM-4,SOUTH COAST,Chum,INNER SOUTH COAST CHUM SALMON,Inner South Coast Chum Salmon
CM-3,SOUTH COAST,Chum,INNER SOUTH COAST CHUM SALMON,Inner South Coast Chum Salmon
CM-6,SOUTH COAST,Chum,INNER SOUTH COAST CHUM SALMON,Inner South Coast Chum Salmon
CM-5,SOUTH COAST,Chum,INNER SOUTH COAST CHUM SALMON,Inner South Coast Chum Salmon
CM-8,SOUTH COAST,Chum,INNER SOUTH COAST CHUM SALMON,Inner South Coast Chum Salmon
CM-9,SOUTH COAST,Chum,INNER SOUTH COAST CHUM SALMON,Inner South Coast Chum Salmon
SEL-20-02,NORTH COAST,Sockeye,SKEENA SOCKEYE SALMON,Skeena Sockeye Salmon
SEL-22-01,NORTH COAST,Sockeye,SKEENA SOCKEYE SALMON,Skeena Sockeye Salmon
CK-82,FRASER,Chinook,FRASER SUMMER RUN 41 CHINOOK SALMON,Fraser Summer Run 41 Chinook Salmon
CK-12,FRASER,Chinook,FRASER SPRING RUN 52 CHINOOK SALMON,Fraser Spring Run 52 Chinook Salmon
SEL-21-01,NORTH COAST,Sockeye,SKEENA SOCKEYE SALMON,Skeena Sockeye Salmon
CO-14,SOUTH COAST,Coho,JOHNSTONE STRAIT/MAINLAND INLET COHO SALMON,Johnstone Strait/Mainland Inlet Coho Salmon
CO-19,SOUTH COAST,Coho,JOHNSTONE STRAIT/MAINLAND INLET COHO SALMON,Johnstone Strait/Mainland Inlet Coho Salmon
CO-15,SOUTH COAST,Coho,JOHNSTONE STRAIT/MAINLAND INLET COHO SALMON,Johnstone Strait/Mainland Inlet Coho Salmon
CO-12,SOUTH COAST,Coho,JOHNSTONE STRAIT/MAINLAND INLET COHO SALMON,Johnstone Strait/Mainland Inlet Coho Salmon
CM-2,FRASER,Chum,FRASER CHUM SALMON,Fraser Chum Salmon
CK-9000,FRASER,Chinook,FRASER FALL RUN 41 CHINOOK SALMON,Fraser Fall Run 41 Chinook Salmon
PKO-1,FRASER,Odd Year Pink,FRASER PINK SALMON - ODD,Fraser Pink Salmon - Odd
CK-22,SOUTH COAST,Chinook,LOWER GEORGIA STRAIT,Lower Georgia Strait
CK-21,SOUTH COAST,Chinook,LOWER GEORGIA STRAIT,Lower Georgia Strait
CK-25,SOUTH COAST,Chinook,LOWER GEORGIA STRAIT,Lower Georgia Strait
,SOUTH COAST,Chinook,LOWER GEORGIA STRAIT,Lower Georgia Strait
CK-34,SOUTH COAST,Chinook,MAINLAND INLET CHINOOK SALMON,Mainland Inlet Chinook Salmon
CK-35,SOUTH COAST,Chinook,MAINLAND INLET CHINOOK SALMON,Mainland Inlet Chinook Salmon
CK-28,SOUTH COAST,Chinook,MAINLAND INLET CHINOOK SALMON,Mainland Inlet Chinook Salmon
,SOUTH COAST,Chinook,MAINLAND INLET CHINOOK SALMON,Mainland Inlet Chinook Salmon
CK-23,SOUTH COAST,Chinook,MIDDLE GEORGIA STRAIT,Middle Georgia Strait
CK-27,SOUTH COAST,Chinook,MIDDLE GEORGIA STRAIT,Middle Georgia Strait
CK-83,SOUTH COAST,Chinook,MIDDLE GEORGIA STRAIT,Middle Georgia Strait
CK-20,SOUTH COAST,Chinook,MIDDLE GEORGIA STRAIT,Middle Georgia Strait
,SOUTH COAST,Chinook,MIDDLE GEORGIA STRAIT,Middle Georgia Strait
CK-58,NORTH COAST,Chinook,NASS CHINOOK SALMON,Nass Chinook Salmon
CO-35,NORTH COAST,Coho,NASS COHO SALMON,Nass Coho Salmon
CO-37,NORTH COAST,Coho,NASS COHO SALMON,Nass Coho Salmon
CO-36,NORTH COAST,Coho,NASS COHO SALMON,Nass Coho Salmon
PKE-7,NORTH COAST,Even Year Pink,NASS PINK SALMON,Nass Pink Salmon
PKE-12,NORTH COAST,Even Year Pink,NASS PINK SALMON,Nass Pink Salmon
PKO-17,NORTH COAST,Odd Year Pink,NASS PINK SALMON,Nass Pink Salmon
PKO-14,NORTH COAST,Odd Year Pink,NASS PINK SALMON,Nass Pink Salmon
PKO-18,NORTH COAST,Odd Year Pink,NASS PINK SALMON,Nass Pink Salmon
SEL-22-02,NORTH COAST,Sockeye,SKEENA SOCKEYE SALMON,Skeena Sockeye Salmon
SEL-21-02,NORTH COAST,Sockeye,SKEENA SOCKEYE SALMON,Skeena Sockeye Salmon
SEL-22-03,NORTH COAST,Sockeye,SKEENA SOCKEYE SALMON,Skeena Sockeye Salmon
SEL-22-04,NORTH COAST,Sockeye,SKEENA SOCKEYE SALMON,Skeena Sockeye Salmon
SEL-20-03,NORTH COAST,Sockeye,SKEENA SOCKEYE SALMON,Skeena Sockeye Salmon
SEL-20-04,NORTH COAST,Sockeye,SKEENA SOCKEYE SALMON,Skeena Sockeye Salmon
SEL-21-12,NORTH COAST,Sockeye,SKEENA SOCKEYE SALMON,Skeena Sockeye Salmon
,SOUTH COAST,Chum,WCVI CHUM SALMON,WCVI Chum Salmon
SEL-22-05,NORTH COAST,Sockeye,SKEENA SOCKEYE SALMON,Skeena Sockeye Salmon
SEL-20-05,NORTH COAST,Sockeye,SKEENA SOCKEYE SALMON,Skeena Sockeye Salmon
CM-46,YUKON,Chum,PORCUPINE CHUM SALMON,Porcupine Chum Salmon
CM-46,YUKON,Chum,PORCUPINE CHUM SALMON,Porcupine Chum Salmon
CO-46,YUKON,Coho,PORCUPINE COHO SALMON,Porcupine Coho Salmon
SEL-20-06,NORTH COAST,Sockeye,SKEENA SOCKEYE SALMON,Skeena Sockeye Salmon
SEL-21-05,NORTH COAST,Sockeye,SKEENA SOCKEYE SALMON,Skeena Sockeye Salmon
SEL-22-06,NORTH COAST,Sockeye,SKEENA SOCKEYE SALMON,Skeena Sockeye Salmon
SEL-22-07,NORTH COAST,Sockeye,SKEENA SOCKEYE SALMON,Skeena Sockeye Salmon
SEL-20-07,NORTH COAST,Sockeye,SKEENA SOCKEYE SALMON,Skeena Sockeye Salmon
CK-45,NORTH COAST,Chinook,SKEENA CHINOOK SALMON,Skeena Chinook Salmon
CK-46,NORTH COAST,Chinook,SKEENA CHINOOK SALMON,Skeena Chinook Salmon
CK-49,NORTH COAST,Chinook,SKEENA CHINOOK SALMON,Skeena Chinook Salmon
CK-50,NORTH COAST,Chinook,SKEENA CHINOOK SALMON,Skeena Chinook Salmon
CK-51,NORTH COAST,Chinook,SKEENA CHINOOK SALMON,Skeena Chinook Salmon
CK-48,NORTH COAST,Chinook,SKEENA CHINOOK SALMON,Skeena Chinook Salmon
CK-53,NORTH COAST,Chinook,SKEENA CHINOOK SALMON,Skeena Chinook Salmon
CK-54,NORTH COAST,Chinook,SKEENA CHINOOK SALMON,Skeena Chinook Salmon
CK-81,NORTH COAST,Chinook,SKEENA CHINOOK SALMON,Skeena Chinook Salmon
CK-55,NORTH COAST,Chinook,SKEENA CHINOOK SALMON,Skeena Chinook Salmon
CK-56,NORTH COAST,Chinook,SKEENA CHINOOK SALMON,Skeena Chinook Salmon
CK-80,NORTH COAST,Chinook,SKEENA CHINOOK SALMON,Skeena Chinook Salmon
CO-31,NORTH COAST,Coho,SKEENA COHO SALMON,Skeena Coho Salmon
CO-32,NORTH COAST,Coho,SKEENA COHO SALMON,Skeena Coho Salmon
CO-33,NORTH COAST,Coho,SKEENA COHO SALMON,Skeena Coho Salmon
CO-34,NORTH COAST,Coho,SKEENA COHO SALMON,Skeena Coho Salmon
PKE-8,NORTH COAST,Even Year Pink,SKEENA PINK SALMON,Skeena Pink Salmon
PKO-15,NORTH COAST,Odd Year Pink,SKEENA PINK SALMON,Skeena Pink Salmon
PKO-16,NORTH COAST,Odd Year Pink,SKEENA PINK SALMON,Skeena Pink Salmon
SEL-21-06,NORTH COAST,Sockeye,SKEENA SOCKEYE SALMON,Skeena Sockeye Salmon
SEL-20-08,NORTH COAST,Sockeye,SKEENA SOCKEYE SALMON,Skeena Sockeye Salmon
SEL-21-07,NORTH COAST,Sockeye,SKEENA SOCKEYE SALMON,Skeena Sockeye Salmon
SEL-22-08,NORTH COAST,Sockeye,SKEENA SOCKEYE SALMON,Skeena Sockeye Salmon
SEL-22-09,NORTH COAST,Sockeye,SKEENA SOCKEYE SALMON,Skeena Sockeye Salmon
SEL-22-10,NORTH COAST,Sockeye,SKEENA SOCKEYE SALMON,Skeena Sockeye Salmon
SEL-22-11,NORTH COAST,Sockeye,SKEENA SOCKEYE SALMON,Skeena Sockeye Salmon
SEL-23-02,NORTH COAST,Sockeye,SKEENA SOCKEYE SALMON,Skeena Sockeye Salmon
SEL-21-09,NORTH COAST,Sockeye,SKEENA SOCKEYE SALMON,Skeena Sockeye Salmon
SEL-22-12,NORTH COAST,Sockeye,SKEENA SOCKEYE SALMON,Skeena Sockeye Salmon
SEL-21-10,NORTH COAST,Sockeye,SKEENA SOCKEYE SALMON,Skeena Sockeye Salmon
SEL-21-11,NORTH COAST,Sockeye,SKEENA SOCKEYE SALMON,Skeena Sockeye Salmon
SEL-21-xx (02?),NORTH COAST,Sockeye,SKEENA SOCKEYE SALMON,Skeena Sockeye Salmon
SER-12,NORTH COAST,Sockeye,NO DESIGNATED SMU,No Designated Smu
SER-13,NORTH COAST,Sockeye,NO DESIGNATED SMU,No Designated Smu
SER-14,NORTH COAST,Sockeye,NO DESIGNATED SMU,No Designated Smu
SER-15,NORTH COAST,Sockeye,NO DESIGNATED SMU,No Designated Smu
SER-16,NORTH COAST,Sockeye,NO DESIGNATED SMU,No Designated Smu
SER-17,NORTH COAST,Sockeye,NO DESIGNATED SMU,No Designated Smu
SER-18,NORTH COAST,Sockeye,NO DESIGNATED SMU,No Designated Smu
SER-19,NORTH COAST,Sockeye,NO DESIGNATED SMU,No Designated Smu
SER-20,NORTH COAST,Sockeye,NO DESIGNATED SMU,No Designated Smu
SER-21,NORTH COAST,Sockeye,NO DESIGNATED SMU,No Designated Smu
SER-22,NORTH COAST,Sockeye,NO DESIGNATED SMU,No Designated Smu
SEL-11-01,SOUTH COAST,Sockeye,ECVI/MAINLAND SOCKEYE SALMON ,ECVI/Mainland Sockeye Salmon 
SEL-11-02,SOUTH COAST,Sockeye,ECVI/MAINLAND SOCKEYE SALMON ,ECVI/Mainland Sockeye Salmon 
SEL-12-01,SOUTH COAST,Sockeye,ECVI/MAINLAND SOCKEYE SALMON ,ECVI/Mainland Sockeye Salmon 
SEL-11-03,SOUTH COAST,Sockeye,ECVI/MAINLAND SOCKEYE SALMON ,ECVI/Mainland Sockeye Salmon 
SEL-11-04,SOUTH COAST,Sockeye,ECVI/MAINLAND SOCKEYE SALMON ,ECVI/Mainland Sockeye Salmon 
SEL-11-05,SOUTH COAST,Sockeye,ECVI/MAINLAND SOCKEYE SALMON ,ECVI/Mainland Sockeye Salmon 
SEL-12-02,SOUTH COAST,Sockeye,ECVI/MAINLAND SOCKEYE SALMON ,ECVI/Mainland Sockeye Salmon 
SEL-12-03,SOUTH COAST,Sockeye,ECVI/MAINLAND SOCKEYE SALMON ,ECVI/Mainland Sockeye Salmon 
CM-31,NORTH COAST,Chum,NASS CHUM SALMON,Nass Chum Salmon
CM-27,NORTH COAST,Chum,SKEENA CHUM SALMON,Skeena Chum Salmon
CM-28,NORTH COAST,Chum,SKEENA CHUM SALMON,Skeena Chum Salmon
CK-60,TRANS,Chinook,STIKINE CHINOOK SALMON,Stikine Chinook Salmon
CK-61,TRANS,Chinook,STIKINE CHINOOK SALMON,Stikine Chinook Salmon
CO-39,TRANS,Coho,STIKINE COHO SALMON,Stikine Coho Salmon
SEL-11-11,SOUTH COAST,Sockeye,ECVI/MAINLAND SOCKEYE SALMON ,ECVI/Mainland Sockeye Salmon 
SEL-11-06,SOUTH COAST,Sockeye,ECVI/MAINLAND SOCKEYE SALMON ,ECVI/Mainland Sockeye Salmon 
SEL-12-05,SOUTH COAST,Sockeye,ECVI/MAINLAND SOCKEYE SALMON ,ECVI/Mainland Sockeye Salmon 
CO-1,SOUTH COAST,Coho,STRAIT OF GEORGIA COHO SALMON,Strait Of Georgia Coho Salmon
CO-13,SOUTH COAST,Coho,STRAIT OF GEORGIA COHO SALMON,Strait Of Georgia Coho Salmon
CO-11,SOUTH COAST,Coho,STRAIT OF GEORGIA COHO SALMON,Strait Of Georgia Coho Salmon
CO-10,SOUTH COAST,Coho,STRAIT OF GEORGIA COHO SALMON,Strait Of Georgia Coho Salmon
CK-63,TRANS,Chinook,TAKU CHINOOK SALMON,Taku Chinook Salmon
CK-65,TRANS,Chinook,TAKU CHINOOK SALMON,Taku Chinook Salmon
CK-64,TRANS,Chinook,TAKU CHINOOK SALMON,Taku Chinook Salmon
CO-43,TRANS,Coho,TAKU COHO SALMON,Taku Coho Salmon
CO-41,TRANS,Coho,TAKU COHO SALMON,Taku Coho Salmon
CO-42,TRANS,Coho,TAKU COHO SALMON,Taku Coho Salmon
SEL-11-07,SOUTH COAST,Sockeye,ECVI/MAINLAND SOCKEYE SALMON ,ECVI/Mainland Sockeye Salmon 
SEL-12-06,SOUTH COAST,Sockeye,ECVI/MAINLAND SOCKEYE SALMON ,ECVI/Mainland Sockeye Salmon 
SEL-12-07,SOUTH COAST,Sockeye,ECVI/MAINLAND SOCKEYE SALMON ,ECVI/Mainland Sockeye Salmon 
SEL-11-09,SOUTH COAST,Sockeye,ECVI/MAINLAND SOCKEYE SALMON ,ECVI/Mainland Sockeye Salmon 
CM-36,TRANS,Chum,TRANSBOUNDARY CHUM SALMON,Transboundary Chum Salmon
CK-29,SOUTH COAST,Chinook,UPPER GEORGIA STRAIT,Upper Georgia Strait
,SOUTH COAST,Chinook,UPPER GEORGIA STRAIT,Upper Georgia Strait
SEL-12-09,SOUTH COAST,Sockeye,ECVI/MAINLAND SOCKEYE SALMON ,ECVI/Mainland Sockeye Salmon 
SEL-11-10,SOUTH COAST,Sockeye,ECVI/MAINLAND SOCKEYE SALMON ,ECVI/Mainland Sockeye Salmon 
SEL-12-08,SOUTH COAST,Sockeye,ECVI/MAINLAND SOCKEYE SALMON ,ECVI/Mainland Sockeye Salmon 
CK-32,SOUTH COAST,Chinook,WCVI CHINOOK SALMON,WCVI Chinook Salmon
CK-33,SOUTH COAST,Chinook,WCVI CHINOOK SALMON,WCVI Chinook Salmon
CK-31,SOUTH COAST,Chinook,WCVI CHINOOK SALMON,WCVI Chinook Salmon
,SOUTH COAST,Chinook,WCVI CHINOOK SALMON,WCVI Chinook Salmon
CM-11,SOUTH COAST,Chum,WCVI CHUM SALMON,WCVI Chum Salmon
CM-10,SOUTH COAST,Chum,WCVI CHUM SALMON,WCVI Chum Salmon
CO-18,SOUTH COAST,Coho,WCVI COHO SALMON,WCVI Coho Salmon
CO-16,SOUTH COAST,Coho,WCVI COHO SALMON,WCVI Coho Salmon
CO-17,SOUTH COAST,Coho,WCVI COHO SALMON,WCVI Coho Salmon
SEL-13-08,SOUTH COAST,Sockeye,WCVI - BARKLEY SOCKEYE SALMON,WCVI - Barkley Sockeye Salmon
SEL-13-09,SOUTH COAST,Sockeye,WCVI - BARKLEY SOCKEYE SALMON,WCVI - Barkley Sockeye Salmon
SEL-13-25,SOUTH COAST,Sockeye,WCVI - BARKLEY SOCKEYE SALMON,WCVI - Barkley Sockeye Salmon
SEL-13-01,SOUTH COAST,Sockeye,WCVI -OTHER SOCKEYE SALMON,WCVI -Other Sockeye Salmon
SEL-13-02,SOUTH COAST,Sockeye,WCVI -OTHER SOCKEYE SALMON,WCVI -Other Sockeye Salmon
SEL-13-03,SOUTH COAST,Sockeye,WCVI -OTHER SOCKEYE SALMON,WCVI -Other Sockeye Salmon
SEL-13-04,SOUTH COAST,Sockeye,WCVI -OTHER SOCKEYE SALMON,WCVI -Other Sockeye Salmon
SEL-13-05,SOUTH COAST,Sockeye,WCVI -OTHER SOCKEYE SALMON,WCVI -Other Sockeye Salmon
SEL-13-06,SOUTH COAST,Sockeye,WCVI -OTHER SOCKEYE SALMON,WCVI -Other Sockeye Salmon
SEL-13-07,SOUTH COAST,Sockeye,WCVI -OTHER SOCKEYE SALMON,WCVI -Other Sockeye Salmon
SEL-13-10,SOUTH COAST,Sockeye,WCVI -OTHER SOCKEYE SALMON,WCVI -Other Sockeye Salmon
SEL-13-11,SOUTH COAST,Sockeye,WCVI -OTHER SOCKEYE SALMON,WCVI -Other Sockeye Salmon
SEL-13-12,SOUTH COAST,Sockeye,WCVI -OTHER SOCKEYE SALMON,WCVI -Other Sockeye Salmon
SEL-13-13,SOUTH COAST,Sockeye,WCVI -OTHER SOCKEYE SALMON,WCVI -Other Sockeye Salmon
SEL-13-14,SOUTH COAST,Sockeye,WCVI -OTHER SOCKEYE SALMON,WCVI -Other Sockeye Salmon
SEL-13-15,SOUTH COAST,Sockeye,WCVI -OTHER SOCKEYE SALMON,WCVI -Other Sockeye Salmon
SEL-13-16,SOUTH COAST,Sockeye,WCVI -OTHER SOCKEYE SALMON,WCVI -Other Sockeye Salmon
SEL-13-17,SOUTH COAST,Sockeye,WCVI -OTHER SOCKEYE SALMON,WCVI -Other Sockeye Salmon
SEL-13-18,SOUTH COAST,Sockeye,WCVI -OTHER SOCKEYE SALMON,WCVI -Other Sockeye Salmon
SEL-13-19,SOUTH COAST,Sockeye,WCVI -OTHER SOCKEYE SALMON,WCVI -Other Sockeye Salmon
SEL-13-20,SOUTH COAST,Sockeye,WCVI -OTHER SOCKEYE SALMON,WCVI -Other Sockeye Salmon
SEL-13-21,SOUTH COAST,Sockeye,WCVI -OTHER SOCKEYE SALMON,WCVI -Other Sockeye Salmon
PKE-3,SOUTH COAST,Even Year Pink,WCVI PINK SALMON,WCVI Pink Salmon
PKE-2,SOUTH COAST,Even Year Pink,WCVI PINK SALMON,WCVI Pink Salmon
PKO-6,SOUTH COAST,Odd Year Pink,WCVI PINK SALMON,WCVI Pink Salmon
CK-70,YUKON,Chinook,YUKON CHINOOK SALMON,Yukon Chinook Salmon
CK-73,YUKON,Chinook,YUKON CHINOOK SALMON,Yukon Chinook Salmon
CK-71,YUKON,Chinook,YUKON CHINOOK SALMON,Yukon Chinook Salmon
CK-76,YUKON,Chinook,YUKON CHINOOK SALMON,Yukon Chinook Salmon
CK-79,YUKON,Chinook,PORCUPINE CHINOOK SALMON,Porcupine Chinook Salmon
CK-72,YUKON,Chinook,YUKON CHINOOK SALMON,Yukon Chinook Salmon
CK-78,YUKON,Chinook,PORCUPINE CHINOOK SALMON,Porcupine Chinook Salmon
CK-77,YUKON,Chinook,PORCUPINE CHINOOK SALMON,Porcupine Chinook Salmon
CK-74,YUKON,Chinook,YUKON CHINOOK SALMON,Yukon Chinook Salmon
CK-69,YUKON,Chinook,YUKON CHINOOK SALMON,Yukon Chinook Salmon
CK-75,YUKON,Chinook,YUKON CHINOOK SALMON,Yukon Chinook Salmon
CK-68,YUKON,Chinook,YUKON CHINOOK SALMON,Yukon Chinook Salmon
CM-45,YUKON,Chum,YUKON CHUM SALMON,Yukon Chum Salmon
CM-42,YUKON,Chum,YUKON CHUM SALMON,Yukon Chum Salmon
CM-43,YUKON,Chum,YUKON CHUM SALMON,Yukon Chum Salmon
CM-48,YUKON,Chum,YUKON CHUM SALMON,Yukon Chum Salmon
CM-38,YUKON,Chum,YUKON CHUM SALMON,Yukon Chum Salmon
CM-44,YUKON,Chum,YUKON CHUM SALMON,Yukon Chum Salmon
CM-46,YUKON,Chum,YUKON CHUM SALMON,Yukon Chum Salmon
SEL-13-22,SOUTH COAST,Sockeye,WCVI -OTHER SOCKEYE SALMON,WCVI -Other Sockeye Salmon
CM-26,NORTH COAST,Chum,SKEENA - NASS COASTAL,Skeena - Nass Coastal
CM-30,NORTH COAST,Chum,SKEENA - NASS COASTAL,Skeena - Nass Coastal
CM-32,NORTH COAST,Chum,SKEENA - NASS COASTAL,Skeena - Nass Coastal
SEL-13-23,SOUTH COAST,Sockeye,WCVI -OTHER SOCKEYE SALMON,WCVI -Other Sockeye Salmon
CK-9005,SOUTH COAST,Chinook,NO DESIGNATED SMU,No Designated Smu
CM-1,FRASER,Chum,FRASER CHUM SALMON,Fraser Chum Salmon
PKE-13,TRANS,Even Year Pink,Transboundary Pink Salmon,Transboundary Pink Salmon
CK-9008,FRASER,Chinook,NO DESIGNATED SMU,No Designated Smu
PKO-19,TRANS,Odd Year Pink,Transboundary Pink Salmon,Transboundary Pink Salmon
PKO-2,SOUTH COAST,Odd Year Pink,NO DESIGNATED SMU,No Designated Smu
PKE-9005,FRASER,Even Year Pink,NO DESIGNATED SMU,No Designated Smu
SEL-13-26,SOUTH COAST,Sockeye,WCVI -OTHER SOCKEYE SALMON,WCVI -Other Sockeye Salmon
SER-08,SOUTH COAST,Sockeye,NO DESIGNATED SMU,No Designated Smu
SER-09,SOUTH COAST,Sockeye,NO DESIGNATED SMU,No Designated Smu
SER-10,SOUTH COAST,Sockeye,NO DESIGNATED SMU,No Designated Smu
SER-11,SOUTH COAST,Sockeye,NO DESIGNATED SMU,No Designated Smu
SEL-30-01,TRANS,Sockeye,ALSEK SOCKEYE SALMON,Alsek Sockeye Salmon
SEL-30-02,TRANS,Sockeye,ALSEK SOCKEYE SALMON,Alsek Sockeye Salmon
SEL-30-03,TRANS,Sockeye,ALSEK SOCKEYE SALMON,Alsek Sockeye Salmon
SEL-26-01,TRANS,Sockeye,STIKINE SOCKEYE SALMON,Stikine Sockeye Salmon
SEL-26-03,TRANS,Sockeye,STIKINE SOCKEYE SALMON,Stikine Sockeye Salmon
SEL-26-02,TRANS,Sockeye,STIKINE SOCKEYE SALMON,Stikine Sockeye Salmon
SEL-28-05,TRANS,Sockeye,TAKU SOCKEYE SALMON,Taku Sockeye Salmon
SEL-28-01,TRANS,Sockeye,TAKU SOCKEYE SALMON,Taku Sockeye Salmon
SEL-28-02,TRANS,Sockeye,TAKU SOCKEYE SALMON,Taku Sockeye Salmon
SEL-28-03,TRANS,Sockeye,TAKU SOCKEYE SALMON,Taku Sockeye Salmon
SER-24,TRANS,Sockeye,NO DESIGNATED SMU,No Designated Smu
